{
    "train_MSE": 1718.6271035706523,
    "test_MSE": 1168.8201895384793,
    "validation_MSE": 1686.9594410270663
}
