{
    "train_MSE": 1718.6271035706525,
    "test_MSE": 1168.8201895384773,
    "validation_MSE": 1686.9594410270688
}
